date,id,alive_dead,height_cm,number_leaves,gasket,shoot_mass_g,root_mass_g,rhizome_mass_g,note
12/22/25,1184(5226),dead,0,0,good,0,0,9.41,
12/22/25,1374,alive,11.4,3,good,4.13,0.83,12.15,
12/24/25,1647,alive,8.5,3,good,1.8,1.49,8.89,senessed
12/23/25,1666,alive,9.4,3,good,1.4,0.82,10.9,seneseed
12/23/25,1669,alive,19.9,3,good,3.72,2.95,12.08,
12/22/25,1686,alive,18.6,3,good,3.57,1.52,10.74,flowering
12/24/25,1750,alive,10,3,good,2.47,1.42,8.42,
12/22/25,1827,alive,14.2,3,good,1.69,1.3,5.42,
12/22/25,1851,alive,9.4,3,good,1.71,0.83,3.19,
12/23/25,1926,alive,12.9,3,good,2.34,1.17,16.82,
12/23/25,1975,alive,12.2,3,good,2.36,0.92,3,
12/24/25,2074,dead,0,0,good,0,0,15.76,
12/22/25,2131,alive,11.5,3,good,3.31,2.22,13.47,
12/23/25,2276,alive,11.3,3,good,1.18,0.58,5.9,
12/22/25,2289,alive,15.6,3,good,4.19,2.38,11.11,
12/23/25,2329,alive,20.2,3,good,5.74,1.22,18.21,flowering
12/22/25,2379,alive,6.1,3,good,2.61,1.19,20.18,
12/23/25,2382,alive,12.1,2,good,2.9,1.7,15.98,"seneseed, flowering"
12/23/25,2416,alive,12.9,3,bad,0.86,0.62,4.03,"gaskets touching, seneseed"
12/22/25,2547,alive,20.9,3+3,good,5.51,2.64,29.1,twins
12/24/25,2563,alive,13.4,3+3,good,4.01,0.5,37.24,twins
12/23/25,2573,alive,16.5,3,good,4.33,2.31,9.22,
12/22/25,2703,alive,19.4,3,good,5.22,1.56,13.03,root trying to cross
12/23/25,2886,dead,0,0,good,0,1.32,4.38,no leaf samples; no leaves
12/24/25,2912,alive,8,3,good,1.7,0.45,14.61,
12/24/25,2927,alive,11.6,3,good,1.9,1.47,8.68,
12/22/25,2941,alive,8.3,3+3,good,4.17,2.65,14.02,"flowering, twin"
12/23/25,2980,,13.2,3,good,2.43,1.61,6.59,
12/24/25,2988,alive,15.3,3,good,2.55,1.21,26.51,
12/22/25,2996A1,alive,11.6,3,good,2.97,0.74,9.26,
12/23/25,2996A2,alive,10.1,3,good,0.16,0.95,7.32,
12/24/25,2996A3,alive,7.1,3,good,1.07,0.81,7.75,droopy
12/24/25,3004,alive,15.1,3,good,2.01,1.09,8.29,
12/22/25,3031,alive,10.2,3,good,2.29,1.64,6.88,
12/22/25,3043,alive,18.2,3,good,3.44,3.74,15.59,
12/23/25,3071,dead,0,0,good,0,0.64,9.76,
12/24/25,3077,alive,10.3,3,good,2.12,1.19,14.6,flowering
12/24/25,3305,dead,2.9,3,good,0.18,0.19,4.25,droopy
12/24/25,3309,alive,2.4,3?,good,0.14,0.47,8.93,"not unwhorled, other"
12/22/25,3371,alive,9.1,3,good,1.7,1.68,10.06,
12/23/25,3379,alive,6.1,3,good,1.04,1.32,5.07,
12/24/25,3427,alive,4.5,3,good,0.21,0.42,1.76,senessed
12/24/25,3526,alive,13.1,3,good,2.08,1.66,11.6,
12/24/25,3563,alive,3.6,3,good,0.71,0.69,3.41,
12/22/25,3708,alive,16.5,3,good,4.36,1.13,18.06,the scan envelope is wrong; is actually 3708 moved to correct envelope
12/23/25,3829,alive,10.2,3,good,1.52,0.55,11.44,seneseed
12/22/25,392,dead_other,10.9,3,good,1.54,0.42,7.69,seneseed
12/22/25,4000,alive,19.5,3,good,6.71,2.08,22.51,flowering
12/23/25,4081,alive,8,3,good,0.99,0.68,3.48,seneseed
12/24/25,4105,alive,6.1,3,good,1.28,0.98,12.74,senessed
12/23/25,4109,alive,16.1,3,good,3.28,1.03,12.05,
12/22/25,4149,alive,14.8,3,good,4.44,1.2,11.36,flowering
12/23/25,4177,alive,15.5,3,good,2.82,1.29,11.85,flowering
12/24/25,4265,alive,12.9,3,good,2.07,1.49,13.42,senessed
12/23/25,43,alive,20.5,3,good,3.7,1.33,11.76,
12/23/25,4373,alive,17.1,3,good,1.46,0.31,5.25,garlic mustard growing in pot (rosette)
12/24/25,4414,alive,6.2,3,good,1.75,1.52,8.97,
12/23/25,4431,alive,4.5,3?,good,0.8,0.96,23.44,"not unwhorled, other"
12/22/25,4444(2988),alive,18.4,3,good,5.42,1.31,12.64,flowering
12/24/25,4452,alive,23.7,3,good,3.19,1.35,13.33,
12/23/25,4505,alive,19.4,3+3,good,5.67,2.33,20.33,"twins, seneseed, flowering"
12/24/25,4511,alive,18.4,3+3,good,6.5,4.77,25.38,"twins, flowering"
12/23/25,452,alive,17.9,3,good,3.06,1.62,10.34,
12/23/25,4543(5232),alive,5.8,3,good,0.64,0.17,3.38,
12/22/25,4547,alive,7.6,3,good,1.88,1.04,14.37,
12/22/25,4576,alive,15.4,3,good,2.58,1.22,8.66,
12/22/25,4582,alive,13.8,3,good,1.43,0.84,7.49,
12/23/25,4712,alive,10,3,good,1.62,0.39,6.31,
12/23/25,4714,alive,13.6,3,good,2.87,1.49,20.54,flowering
12/24/25,4745,alive,11.2,3,good,3.22,2.62,16.1,
12/23/25,4760,alive,12.1,3,good,1.09,0.31,4.2,
12/22/25,4777A,other,7.1,3,good,1.28,0.94,9,seneseed
12/23/25,4777B,alive,4.5,3,good,0.28,0.19,1.48,
12/22/25,4777C,dead_other,8.9,3,good,0.76,0.46,2.5,peticole pinched
12/24/25,482,alive,12.9,3,good,3.12,1.52,6.38,
12/22/25,4934,alive,9.8,3,good,1.35,0.66,4.85,
12/23/25,4942,alive,8.5,3,good,0.63,0.81,3.66,seneseed
12/23/25,4959,alive,13.6,3,good,3.2,2.03,4.84,flowering
12/24/25,4990,alive,15.9,3+3,good,6.75,2.86,21.99,"twins, flowering"
12/23/25,5031,alive,4.2,3?,good,0.32,0.53,10.55,"not unwhorled, other"
12/23/25,5040,alive,14.8,3,good,2.33,0.85,7.28,flowering
12/22/25,5060,alive,10.6,3,good,2.86,0.45,15.12,
12/22/25,5115,alive,11.2,3,good,1.43,0.88,7.16,seneseed
12/23/25,5228,,9.5,3,good,2.63,0.92,6.8,
12/22/25,5229_red,alive,12.4,3,good,1.93,1.75,8.26,
12/22/25,5229_blue,dead_other,7.9,3,good,1.88,0.7,12.09,peticole pinched
12/22/25,5267,alive_other,0.8,3,good,0.48,0.57,3.77,"cryovial has handwritten ""5267_b"", seneseed"
12/24/25,5381,alive,10.6,3,good,2.6,1.32,5.87,
12/23/25,5403,dead,0,0,good,0,0,10.17,rotted?
12/23/25,5436,alive,9,3,good,1.31,1.24,8.04,seneseed
12/24/25,5488,dead,0,0,good,0,1.95,16.54,
12/24/25,552,alive,2.1,3,good,0.6,1.04,4.81,"droopy, senessed"
12/23/25,5619,alive,8.1,3,good,1.11,1.51,5,
12/23/25,5626,alive,13.4,3+3,good,3,0.14,17.84,twins
12/23/25,5641,alive,6.3,3,good,2.03,1.04,7.72,flowering
12/23/25,5714,alive,7.7,3,good,1.86,1.02,9.26,flowering
12/22/25,5722,alive,10.9,3,good,3.44,2.65,16.93,flowering
12/23/25,5742,alive,11.8,3,good,2.25,1.56,8.23,
12/22/25,5771,alive,15.8,3+3,good,4.46,1.68,6.82,"cryovial reads ""5267_tri_pink"" but should be ""5771"", twin"
12/23/25,583,alive,13.5,3,good,1.23,1.33,10.74,senessed
12/23/25,5852,alive,10.4,3,good,1.61,1.63,11.07,
12/22/25,5865,alive_other,6.5,3,good,0.96,0.53,6.75,seneseed
12/22/25,5877,alive,15.2,3,good,2.88,1.11,9.11,
12/24/25,5904,alive,5.4,2,good,0.33,1.03,4.83,droopy
12/23/25,614,alive,12.5,3+3,good,6.12,1.45,29.71,twins
12/24/25,632,alive,12.2,3,good,1.61,0.59,10.38,senessed
12/23/25,6507,alive,10.5,3+3,good,3.37,3.02,15.56,twins
12/23/25,6558,alive,11.6,3,good,2.46,2.48,11.37,
12/23/25,684,alive,0.8,3?,good,0.04,1.59,8.5,"not unwhorled, other"
12/22/25,6875,alive,14.9,3,good,4.86,1.44,11.51,flowering
12/24/25,6879,alive,3.5,3,good,0.8,0.83,4.09,droopy
12/23/25,6881,alive,8.5,3+3,good,1.8,1.05,11.34,
12/23/25,6885,alive,10.8,3,good,0.61,0.85,2.98,senessed
12/23/25,6887,dead,0,0,good,0.1,1.05,3.72,leaf buried
12/23/25,6894,alive,13.7,3,good,1.23,0.66,5.18,
12/23/25,7120,alive,5,3+3,good,0.6,0.04,8.33,twins
12/22/25,7147,alive,15,3,good,3.5,1.34,13.84,flowering
12/23/25,7574,alive,9.3,3,good,2.2,0.93,38.28,leaf -20?C stripped
12/22/25,774,alive,13.9,3,good,2.1,3.66,13.13,
12/24/25,827,dead,0,0,good,0.01,1.18,10.49,leaf under ground
12/23/25,86,alive,3.7,3,good,0.61,0.43,9.35,senessed
12/23/25,902,alive,10.1,3,good,1.76,1.01,3.92,
12/24/25,9145,alive,17.4,3,good,2.89,2.79,22.42,
12/22/25,916,alive,10.2,3,good,1.91,0.3,19.56,
12/24/25,955,alive,13,3+3,good,6.59,3.24,22.04,twins
12/22/25,972,alive,18.3,3,good,5.23,2.47,21.15,
12/23/25,978,alive,13.5,3,good,1.96,2.01,8.13,
12/23/25,989,alive,9.3,3+3+3,good,3.07,1.6,25.02,"triplets; 2-3 rhizomes?, senessed"
12/23/25,flag1,alive,12,3+3,good,2.41,1.32,12.56,twins
12/23/25,flag2,alive,8.2,3,good,0.54,0.46,5.03,senessed
12/23/25,flag3,alive,10.4,3,good,1.49,0.97,9.38,seneseed